canonical_key,match_value,display_term
sukiyaki,sukiyaki,Sukiyaki
omakase,omakase,Omakase
leng-mian,冷麵,冷麵
coffee-shop,旺角cafe,Cafe
waffles-hk,窩夫,窩夫
seaweed-rice-roll,紫菜卷飯,紫菜卷飯
coffee-shop,cafe,Cafe
ypasta,ypasta,ypasta
sukiyaki,雲壽喜燒,Sukiyaki
slow-cook-wagyu,慢煮和牛,慢煮和牛
donburi,donburi,Donburi
hotpot,牛大人台灣火鍋吃到飽,火鍋
knutsford-terrace,諾士佛臺,諾士佛臺
hotpot,打邊爐,火鍋
family-friendly-restaurant,親子餐廳,親子餐廳
apple-marinated-pork,蘋果醃豬肉,蘋果醃豬肉
coffee-shop,上環cafe,Cafe
slow-cook-wagyu,和牛,慢煮和牛
sukiyaki,壽喜燒,Sukiyaki
hotpot,火鍋系列,火鍋
hotpot,打邊爐必備,火鍋
hotpot,火鍋配料,火鍋
cantonese-restaurant,粵 式 酒 樓,粵式酒樓
tsujiri,辻利茶鋪,辻利茶鋪
michelin-bib-gourmand,michelinbibgourmand,Michelin Bib Gourmand
coffee-shop,咖啡店,Cafe
specialty-coffee,精品咖啡,精品咖啡
coffee-shop,hkcafe,Cafe
coffee-shop,hkcoffee,Cafe
hk-fine-dining,香港高級餐廳,香港高級餐廳
hk-mcdonalds,香港麥當勞,香港麥當勞
wonton,wonton,雲吞
noodles,noodles,麵食
nepalese-food,nepalfood,尼泊爾菜
hk-style-food,hkeatwhatho港式,港式美食
french-food,frenchfood,法國菜
crepe,可麗餅,可麗餅
dessert,甜品,甜品
korean-bbq,香港韓燒,韓燒
thai-food,泰國菜,泰國菜
indian-cuisine,IndianCuisine,印度菜
paratha,Paratha,Paratha
hk-street-food,hongkongstreetfood,香港街頭小食
banh-mi,Banhmi,越南法包
chiuchow-daleng,潮州打冷,潮州打冷
hk-chinese-cuisine,香港中菜,香港中菜
hot-sour-noodles,酸辣粉,酸辣粉
hk-street-food,香港街頭小食,香港街頭小食
hotpot,hotpot,火鍋
8five2-restobar,8five2restobar,8Five2Restobar
mexican-food,墨西哥菜,墨西哥菜
bar-restaurant,酒吧餐廳,酒吧餐廳
hk-rice-noodles,香港米線,香港米線
hibi-teppanyaki,hibiteppanyaki,hibiteppanyaki
teppanyaki,鐵板燒,鐵板燒
swiss-food,swissfood,瑞士菜
bagel,bagel,Bagel
bakery,bakery,麵包店
coffee-shop,香港カフェ,Cafe
coffee-shop,hongkongcafe,Cafe
afternoon-tea,afternoonteahk,下午茶
tin-hau-food,foodiary_tinhau,天后美食
michelin-bib-gourmand,hkmichelin,Michelin Bib Gourmand
hk-fine-dining,hkfinedining,香港高級餐廳
wong-chuk-hang-food,fca_黃竹坑,黃竹坑美食
admiralty-food,fca_金鐘,金鐘美食
coffee-shop,cafehk,Cafe
causeway-bay-food,simplicity_銅鑼灣,銅鑼灣美食
kushi-katsu,串カツ専門店,串カツ
to-kwa-wan-food,土瓜灣美食,土瓜灣美食
hk-drinks,hongkongdrinks,香港飲品
hk-rice-noodles,米線關注組,香港米線
middle-eastern-food,中東菜,中東菜
bakery,麵包控,麵包店
middle-eastern-food,MiddleEasternFood,中東菜
bakery,HKBakery,麵包店
bakery,FreshlyBaked,麵包店
garlic-bread,蒜蓉包,蒜蓉包
hk-cheap-eats,hkcheapeats,香港平價美食
pork-rack,豬鞍,豬鞍
seafood,海鮮,海鮮
pizza,pizza,Pizza
bar-restaurant,LKF,酒吧餐廳
oysters,oysters,生蠔
mochi,麻糬,麻糬
korean-street-food,韓國小吃,韓國街頭小食
butter-rice-cake,牛油年糕,牛油年糕
japanese-food,japanesefood,日本菜
izakaya,居酒屋,居酒屋
sashimi,sashimi,刺身
skewers,skewers,串燒
spanish-food,西班牙菜,西班牙菜
coffee-shop,coffee,Cafe
shin-kimchi-stir-fry,shinkimchistirfry,Shin Kimchi Stir Fry
nongshim,nongshim,Nongshim
shin-ramyun,shinramyun,Shin Ramyun
hk-cheap-eats,平價美食,香港平價美食
chicken-paitan,雞白湯,雞白湯
yoshinoya,吉野家,吉野家
caviar,caviar,魚子醬
michelin-star,michelinstarfood,米芝蓮星級
grilled-pineapple,燒菠蘿,燒菠蘿
skewers,香港串燒,串燒
skewers,串燒店,串燒
halal-food,halal,清真食品
tibetan-food,tibetan,西藏菜
hainanese-chicken-rice,海南雞飯,海南雞飯
bing-sutt,hongkongbingsutt,冰室
hk-buffet,香港放題,放題
french-food,法國菜,法國菜
japanese-food,日本菜,日本菜
hk-chinese-cuisine,中菜,香港中菜
beef-tongue,牛舌,牛舌
pandan-coconut-angel-cake,班蘭椰子天使,班蘭椰子天使蛋糕
waffles-hk,waffle,窩夫
afternoon-tea,afternoontea,下午茶
teppanyaki,銅鑼灣鐵板燒,鐵板燒
dim-sum,dimsum,點心
hk-buffet,自助餐,放題
hk-buffet,酒店自助餐,放題
hk-rice-noodles,feivouritefood_米線,香港米線
hk-rice-noodles,新蒲崗米線,香港米線
dessert,香港甜品,甜品
coffee-shop,香港咖啡店,Cafe
manteigaria,Manteigaria,Manteigaria
portuguese-egg-tart,葡撻,葡撻
dessert,甜品控,甜品
food-court,foodcourt,Food Court
the-peninsula-hk,香港半島酒店,香港半島酒店
spring-moon,嘉麟樓,嘉麟樓
epure,epure,Épure
michelin-star,michelin,米芝蓮星級
michelin-star,michelinguide,米芝蓮星級
kai-tak-food,啟德美食,啟德美食
shanghainese-cuisine,上海菜,上海菜
wonton-chicken-soup,雲吞雞,雲吞雞
chili-oil-wonton-noodles,紅油抄手拌麵,紅油抄手拌麵
air-dried-duck,風乾鴨,風乾鴨
knife-cut-buns,刀切小饅頭,刀切小饅頭
hk-chinese-cuisine,chinesefood,香港中菜
hk-chinese-cuisine,pekingduck,香港中菜
hk-chinese-cuisine,北京填鴨,香港中菜
korean-bbq,烤肉,韓燒
japanese-food,香港日本餐廳,日本菜
hk-souvenirs,香港手信,香港手信
cookies-quartet,曲奇四重奏,曲奇四重奏
hk-palmier,香港蝴蝶酥,香港蝴蝶酥
banoffee-pie,BanoffeePie,Banoffee Pie
hk-private-kitchen,香港私房菜,香港私房菜
tan-lok,炭烙,炭烙
hk-street-food,香港小食,香港街頭小食
pandan-layer-cake,班蘭千層糕,班蘭千層糕
hui-lau-shan,許留山,許留山
japanese-shaved-ice,日式刨冰,日式刨冰
indian-cuisine,印度咖喱,印度菜
banh-mi,越南法包,越南法包
ukiyo,Ukiyo,Ukiyo
coffee-shop,cafehopping,Cafe
hey-so-nuts,HeySoNuts,HeySoNuts
coffee-shop,香港cafe,Cafe
coffee-shop,cafe關注組,Cafe
late-night-eats,宵夜飯堂,宵夜飯堂
dumplings,餃子,餃子
italian-restaurant,意大利餐廳,意大利餐廳
causeway-bay-food,銅鑼灣餐廳,銅鑼灣美食
indian-cuisine,印度菜,印度菜
tung-chung-food,東涌美食,東涌美食
instagrammable-restaurant,打卡餐廳,打卡餐廳
ofor-donut,OforDonut,OforDonut
fusion-cuisine,Fusion菜,Fusion菜
japanese-french-cuisine,日法料理,日法料理
uni-pasta,海膽意粉,海膽意粉
hotpot,邊爐控,火鍋
hotpot,火鍋控,火鍋
michelin-star,米芝蓮,米芝蓮星級
mei-mei-kitchen,美味廚,美味廚
sushimasa-omakase,鮨政omakase,鮨政
msquare,msquare,M Square
sai-kung-food,西貢美食,西貢美食
jidong-hk,悸动香港首店,悸动
hk-desserts,香港糖水鋪,香港糖水
hk-weekend-brunch,hkweekendbrunch,HK Weekend Brunch
central-food,centralfood,中環美食
sheung-wan-food,上環美食,上環美食
kokuryu-ramen,黑龍拉麵,黑龍拉麵
soy-sauce-chicken,豉油雞,豉油雞
sk-jeju,SK濟州,SK濟州
members-only-chinese-restaurant,會員制中菜廳,會員制中菜廳
five-generation-fried-rice,五代同堂炒飯,五代同堂炒飯
buffet,buffet,自助餐
foie-gras-toast,鴨肝多士,鴨肝多士
tseung-kwan-o-food,將軍澳美食,將軍澳美食
beans-cafe,BeansCafe,Beans Cafe
skewers,必食串燒,串燒
skewers,串燒店推介,串燒
skewers,銅鑼灣串燒,串燒
skewers,日式串燒,串燒
bento,便當,便當
warm-fresh-beef,溫體牛,溫體牛
afternoon-tea,hightea,下午茶
banh-mi,vietnamesecuisine,越南法包
hk-fine-dining,finedining,香港高級餐廳
avocado-egg-salad,酪梨蛋沙拉,酪梨蛋沙拉
sourdough-bread,酸種麵包,酸種麵包
dill,蒔蘿,蒔蘿
coffee-shop,咖啡,Cafe
japanese-food,rbylife日本菜,日本菜
causeway-bay-food,rbylife銅鑼灣,銅鑼灣美食
hunan-cuisine,湖南菜,湖南菜
pain-de-campagne,paindecampagne,Pain de Campagne
sourdough-bread,鄉村麵包,酸種麵包
bakery,自製麵包,麵包店
sushimasa-omakase,鮨政,鮨政
japanese-food,日本美食,日本菜
seafood,豪華海鮮飯,海鮮
chiuchow-daleng,大師級潮州菜,潮州打冷
bento,角色便當,便當
bento,便當日記,便當
bento,野餐便當,便當
bento,小熊飯糰,便當
bento,可愛便當,便當
bento,便當打卡,便當
bento,くま弁当,便當
bento,ピクニック弁当,便當
bento,お弁当作り楽しもう部,便當
bento,手作りお弁当,便當
bento,bentobox,便當
pepperoni,pepperoni,Pepperoni
mortadella,mortadella,Mortadella
roman-pizza,romanpizza,Roman Pizza
italian-restaurant,italianfood,意大利餐廳
italian-restaurant,意式,意大利餐廳
indian-cuisine,indianfoodhk,印度菜
indian-cuisine,香港印度菜,印度菜
south-indian-cuisine,南印度菜,南印度菜
hk-cheap-eats,平價午餐,香港平價美食
exotic-cuisine,異國料理,異國料理
instagrammable-restaurant,打卡食物,打卡餐廳
hk-curry,香港咖喱,香港咖喱
japanese-food,日料推薦,日本菜
american-grill,AmericanGrill,American Grill
chicago-grill,ChicagoGrill,Chicago Grill
hk-style-food,港式風味,港式美食
gelato,gelato,Gelato
handmade-meat-patty,手打肉餅,手打肉餅
cart-noodles,車仔麵,車仔麵
hk-cheap-eats,平民美食,香港平價美食
korean-bbq,日式燒肉,韓燒
slow-cook-wagyu,澳洲和牛,慢煮和牛
korean-bbq,無煙燒烤,韓燒
beef-tongue,牛舌控,牛舌
hk-street-food,大排檔推介,香港街頭小食
tsujiri,日本有機抹茶,辻利茶鋪
dessert,梳乎厘,甜品
fusion-cuisine,韓國fusion菜,Fusion菜
seafood,seafood,海鮮
sourdough-bread,chocolatesourdough,酸種麵包
sourdough-bread,巧克力酸種麵包,酸種麵包
takeaway-lunch-box,外賣飯盒,外賣飯盒
hk-vegetarian,香港素食,香港素食
portuguese-roast-suckling-pig,葡國乳豬,葡式烤乳豬
portuguese-chicken-rice,葡國雞飯,葡國雞飯
curry-stir-fried-crab,咖喱炒蟹,咖喱炒蟹
portuguese-style-clams,葡式炒蜆,葡式炒蜆
seafood,海鮮料理,海鮮
hk-curry,日式咖哩,香港咖喱
hk-curry,豬排咖哩,香港咖喱
indian-cuisine,indiancuisine,印度菜
central-food,中環美食,中環美食
causeway-bay-food,銅鑼灣美食,銅鑼灣美食
causeway-bay-food,cwbfood,銅鑼灣美食
lai-chi-kok-food,荔枝角美食,荔枝角美食
mong-kok-food,旺角美食,旺角美食
yakitori,焼鳥,焼鳥
skewers,串燒,串燒
japanese-food,日式,日本菜
tsim-sha-tsui-food,尖沙咀美食,尖沙咀美食
jordan-food,佐敦美食,佐敦美食
italian-restaurant,意大利菜小店,意大利餐廳
thai-food,泰國菜推薦,泰國菜
cantonese-restaurant,粵菜,粵式酒樓
hk-chinese-cuisine,中菜fine,香港中菜
dai-pai-dong,大排檔,大排檔
takeaway-lunch-box,饭盒,外賣飯盒
two-dish-rice,三送饭,兩餸飯
sweet-sour-pork,咕嚕肉,咕嚕肉
korean-bbq,韓國料理,韓燒
siu-mei,燒味,燒味
hotpot,香港火鍋店,火鍋
hk-style-food,香港地道美食,港式美食
ofor-donut,冬甩控,OforDonut
handmade-lemon-tea,手打檸檬茶,手打檸檬茶
hk-drinks,旺角手搖,香港飲品
hk-drinks,香港茶飲,香港飲品
hk-drinks,四季春檸檬茶,香港飲品
fragrant-lemon,香水檸檬,香水檸檬
hk-drinks,芭樂蜜桃檸檬茶,香港飲品
hand-shaken-drinks,手搖控,手搖飲品
american-grill,americangrill,American Grill
chicago-grill,chicagogrill,Chicago Grill
gelato,gelatohk,Gelato
instagrammable-restaurant,打卡美食,打卡餐廳
industrial-building-canteen,工廈食堂,工廈食堂
hk-vegetarian,無添加素食,香港素食
hk-vegetarian,素食新體驗,香港素食
ap-lei-chau-food,鴨脷洲美食,鴨脷洲美食
yuen-long-food,元朗美食,元朗美食
tsuen-wan-food,荃灣美食,荃灣美食
egg-pancake,蛋餅,蛋餅
hk-desserts,hkdessert,香港糖水
hk-desserts,hongkongdessert,香港糖水
hk-private-kitchen,私房菜,香港私房菜
home-style-cooking,住家菜,住家菜
italian-restaurant,意大利菜,意大利餐廳
pasta,意粉,意粉
banh-mi,banhmi,越南法包
hk-chinese-cuisine,chinesecuisine,香港中菜
cantonese-restaurant,cantonesefood,粵式酒樓
mexican-food,mexicanfood,墨西哥菜
sai-ying-pun-food,西營盤美食,西營盤美食
home-style-cooking,在家自煮,住家菜
kowloon-city-food,九龍城美食,九龍城美食
indonesian-food,印尼美食,印尼美食
pandan-layer-cake,班蘭糕,班蘭千層糕
michelin-star,michelinrestaurant,米芝蓮星級
bakery,定製蛋糕,麵包店
catering,到會,到會
farewell-pastries,散水餅,散水餅
mexican-food,墨西哥卷餅,墨西哥菜
slow-cook-wagyu,wagyubeef,慢煮和牛
slow-cook-wagyu,wagyu,慢煮和牛
tin-hau-food,天后美食,天后美食
korean-bbq,韓國菜,韓燒
cake,蛋糕,蛋糕
vietnamese-food,vietnamesefood,越南菜
avocado-egg-salad,牛油果沙律,酪梨蛋沙拉
pasta,意粉沙律,意粉
low-fat-meals,減脂餐,減脂餐
solo-dining,一人食,一人食
noodles,自選湯麵,麵食
chicken-steak-rice,雞扒飯,雞扒飯
sk-jeju,sk濟州,SK濟州
thai-food,泰菜,泰國菜
shrimp-cake,蝦餅,蝦餅
hainanese-chicken-rice,海南雞,海南雞飯
mochi,mochi,麻糬
mochi,糯米糍,麻糬
tofu-pudding-noodles,中華豆花麵,豆花麵
frozen-yogurt,Froyo,Froyo
dumplings,餃子控,餃子
yakitori,炭火燒鳥,焼鳥
yakitori,燒鳥專門店,焼鳥
omakase,板前體驗,Omakase
izakaya,香港居酒屋,居酒屋
late-night-eats,深夜食堂,宵夜飯堂
dim-sum,飲茶,點心
dim-sum,yumcha,點心
hk-buffet,燒肉放題,放題
wagyu-burger,和牛漢堡,和牛漢堡
hk-palmier,蝴蝶酥,香港蝴蝶酥
hk-souvenirs,香港伴手禮,香港手信
afternoon-tea,下午茶時光,下午茶
japanese-western-diner,和洋食屋,和洋食屋
soup-curry,湯咖喱,湯咖喱
hk-curry,咖喱控,香港咖喱
siu-mai,燒賣,燒賣
sheung-wan-food,pighead_sheungwan,上環美食
korean-bbq,pighead_korean,韓燒
to-kwa-wan-food,foodietwy土瓜灣,土瓜灣美食
japanese-food,hinson日本菜,日本菜
yuen-long-food,foodieyum元朗,元朗美食
western-food,西餐,西餐
hk-fine-dining,finedininghk,香港高級餐廳
sheung-wan-food,hktablefor2insheungwan,上環美食
central-food,life_justforfood中環,中環美食
japanese-food,life_justforfood日本菜,日本菜
tsim-sha-tsui-food,sweetiedaily_tst,尖沙咀美食
ice-cream,icecream,雪糕
hk-street-food,streetfood,香港街頭小食
fried-pork-cutlet,炸豬排,炸豬排
shanghai-noodles,上海麵,上海麵
fusion-cuisine,spanishxjapanese,Fusion菜
home-style-cooking,homemade,住家菜
mediterranean-food,地中海菜,地中海菜
whampoa-food,黃埔美食,黃埔美食
hung-hom-food,紅磡美食,紅磡美食
thai-food,新派泰國菜,泰國菜
mango-sticky-rice,芒果糯米飯,芒果糯米飯
coffee-shop,西環cafe,Cafe
strawberry,strawberry,草莓
chili-oil,chilioil,辣椒油
ramen,ラーメン,拉麵
fish-maw-chicken-noodles,花膠雞米線,花膠雞米線
dubai-chocolate,杜拜朱古力,杜拜朱古力
pandan-layer-cake,千層糕,班蘭千層糕
stir-fried-pasta,炒意粉,炒意粉
strawberry-milkshake,strawberrymilkshake,草莓奶昔
torched-pistachio-mochi,炙燒開心果麻糬,炙燒開心果麻糬
caramel-banana-chocolate-waffle,焦糖香蕉朱古力窩夫,焦糖香蕉朱古力窩夫
knife-cut-noodles,刀削麵,刀削麵
michelin-star,2star,米芝蓮星級
matcha-ice-cream,抹茶雪糕,抹茶雪糕
tofu-ice-cream,豆腐雪糕,豆腐雪糕
pistachio-matcha,開心果抹茶,開心果抹茶
iced-matcha-latte,凍抹茶拿鐵,凍抹茶拿鐵
tea-drinks,茶飲,茶飲
hk-buffet,放題,放題
planet-cake,星球蛋糕,星球蛋糕
hk-fried-chicken,香港炸鸡,香港炸雞
self-service-ramen-machine,自助拉麵機,自助拉麵機
afternoon-tea,維港下午茶,下午茶
afternoon-tea,尖沙咀下午茶,下午茶
frozen-yogurt,frozenyogurt,Froyo
pistachio,pistachio,開心果
cat-cafe,貓cafe,貓Cafe
mentaiko,明太子,明太子
lo-mein,撈麵,撈麵
bamboo-pole-noodles,竹昇麵體驗,竹昇麵
wonton-noodles,雲吞麵,雲吞麵
cake,自私蛋糕,蛋糕
cake,生日蛋糕,蛋糕
durian,榴槤,榴槤
family-friendly-restaurant,寵物友善餐廳,親子餐廳
hk-buffet,香港放題店,放題
cheung-chau-fishball,長洲大魚旦,長洲大魚蛋
mochi,貓山王麻糬,麻糬
hk-street-food,掃街好去處,香港街頭小食
beijing-cuisine,京式料理,京式料理
hk-style-food,香港茶餐廳,港式美食
hk-style-food,茶餐廳,港式美食
indian-cuisine,觀塘印度菜,印度菜
sichuan-cuisine,香港川菜,川菜
michelin-bib-gourmand,米芝蓮推介,Michelin Bib Gourmand
bamboo-pole-noodles,竹昇麵,竹昇麵
shark-fin-rice,魚翅撈飯,魚翅撈飯
thai-bbq,泰式燒烤,泰式燒烤
donburi,香港和牛飯,Donburi
solo-dining,香港一人食,一人食
thai-food,香港泰菜推荐,泰國菜
oysters,生蚝自由,生蠔
northern-noodles,北方面食,北方面食
tea,茶,茶
aburi,aburi,Aburi
japanese-food,香港日本菜,日本菜
japanese-food,中環日本菜,日本菜
specialty-coffee,手沖精品,精品咖啡
hunan-cuisine-hk,香港湘菜,香港湘菜
hunan-cuisine,湘菜推薦,湖南菜
hunan-cuisine,更懂港人的湖南菜,湖南菜
theme-restaurant,主題餐廳,主題餐廳
handmade-pasta,手工意粉,手工意粉
western-food,沙田西餐,西餐
japanese-sake-hk,香港日本酒,香港日本酒
dessert,甜品治愈一切,甜品
dessert,甜品店,甜品
beans-cafe,beanscafe,Beans Cafe
buffet,中環自助餐,自助餐
brazilian-bbq,巴西烤肉,巴西烤肉
coffee-tart,咖啡撻,咖啡撻
dessert,甜品日常,甜品
hk-egg-tart,香港蛋挞,香港蛋撻
dessert,香港铜锣湾甜品,甜品
viet-thai-cuisine,越泰料理,越泰料理
hk-steak,香港牛扒,香港牛扒
dessert,香港甜品店,甜品
japanese-food,香港日料,日本菜
cantonese-restaurant,香港傳統茶樓,粵式酒樓
indian-cuisine,印度料理,印度菜
kowloon-city-food,九龍城美食推介,九龍城美食
coffee-shop,cafehoppinghk,Cafe
coffee-shop,coffeehk,Cafe
happy-valley-food,跑馬地美食,跑馬地美食
hk-spring-onion,香港蔥,香港蔥
cat-cafe,貓啡,貓Cafe
snack-station,零食台,零食台
tai-wai-food,大圍美食,大圍美食
cheese,cheese,芝士
tartar-sauce,tartarsauce,他他醬
fish-finger-sandwich,fishfingersandwich,魚手指三文治
apple-juice,applejuice,蘋果汁
pineapple-bun,pineapplebun,菠蘿包
bakery,hkbakery,麵包店
western-food,whatsboomaking_西式,西餐
salmon,三文魚,三文魚
dried-squid-pork-patty,土魷肉餅,土魷肉餅
salad,whatsboomaking_沙律,沙律
dessert,whatsboomaking_甜品,甜品
dessert,低脂甜品,甜品
rice-paper-cooking,米紙料理,米紙料理
dessert,健康甜品,甜品
spanish-food,SpanishFoodHK,西班牙菜
malatang,malatang,麻辣燙
natto,natto,納豆
noodles,whatsboomaking_粉麵飯,麵食
thai-food,whatsboomaking_泰式,泰國菜
hk-style-food,港式,港式美食
hk-style-food,港式美食,港式美食
pork-stomach-chicken-soup,豬肚雞,豬肚雞
hotpot,火鍋,火鍋
fish-maw,花膠,花膠
claypot-rice,煲仔飯,煲仔飯
roast-pigeon,乳鴿,乳鴿
side-dishes,小菜,小菜
otah,otah,Otah
home-style-cooking,homecooking,住家菜
ramen,ramen,拉麵
crab-salt-ramen,蟹塩ラーメン,蟹塩拉麵
thai-hainanese-chicken-rice,泰式海南雞飯,泰式海南雞飯
thai-food,thai,泰國菜
thai-food,泰式美食,泰國菜
thai-braised-pork-knuckle-rice,泰式豬手飯,泰式豬手飯
hk-drinks,drink,香港飲品
hk-drinks,beverage,香港飲品
bak-kut-teh,bkt,肉骨茶
thai-food,泰式滋味,泰國菜
thai-food,thaifood,泰國菜
korean-bbq,koreanbbq,韓燒
yukhoe,yukhoe,Yukhoe
hk-steak,牛扒,香港牛扒
stone-grilled-beef,石燒牛,石燒牛
hk-buffet,任食,放題
ramen,日本和牛牛小排拉麵,拉麵
ramen,味自慢灸燒豚肉拉麵,拉麵
dumplings,日式餃子,餃子
seafood-vegetable-pancake,海鮮雜菜餅,海鮮雜菜餅
hotpot,牛肉火鍋,火鍋
hotpot,潮汕牛肉火鍋,火鍋
siu-mei,Goose,燒味
portuguese-roast-suckling-pig,SucklingPig,葡式烤乳豬
bing-sutt,chachanteng,冰室
crispy-pork-belly,crispyporkbelly,脆皮燒肉
siu-mei,RoastedDuck,燒味
hk-weekend-brunch,sundaybrunch,HK Weekend Brunch
bar-restaurant,rooftopbar,酒吧餐廳
uni-pasta,海膽,海膽意粉
uni-pasta,海膽控,海膽意粉
uni-pasta,uni,海膽意粉
seafood,seafoodlovers,海鮮
sai-kung-food,saikung,西貢美食
tsim-sha-tsui-food,tsimshatsui,尖沙咀美食
night-market,nightmarket,夜市
hk-souvenirs,souvenir,香港手信
jowar,jowar,Jowar
millets,millets,Millets
sorghum,sorghum,Sorghum
indian-cuisine,indianfood,印度菜
hk-vegetarian,vegeterian,香港素食
hk-vegetarian,veganfood,香港素食
bread-buffet,麵包放題,麵包放題
matcha-ice-cream,matcha,抹茶雪糕
matcha-ice-cream,香港抹茶,抹茶雪糕
iced-matcha-latte,matchalatte,凍抹茶拿鐵
dessert,旺角甜品,甜品
japanese-shaved-ice,旺角雪花冰,日式刨冰
japanese-shaved-ice,夏日限定冰品,日式刨冰
mango-mochi-shaved-ice,芒果糯米糍冰,芒果糯米糍冰
durian,榴槤控,榴槤
pistachio,開心果撻,開心果
hk-egg-tart,酥皮蛋撻,香港蛋撻
cake,青森蘋果紅茶戚風蛋糕,蛋糕
cake,戚風蛋糕,蛋糕
black-tea-cake,紅茶蛋糕,紅茶蛋糕
low-calorie-snacks,低卡零食,低卡零食
protein-bar,蛋白棒,蛋白棒
high-protein-food,高蛋白,高蛋白食品
health-food,健康食品,健康食品
thai-hotpot,泰式火鍋,泰式火鍋
hotpot,香港火鍋,火鍋
hk-buffet,火鍋放題,放題
chiuchow-beef-ball,潮州牛肉丸,潮州牛肉丸
beef-tendon-ball,爆汁牛筋丸,牛筋丸
hotpot,香港打邊爐,火鍋
night-market,香港夜市,夜市
hk-desserts,香港糖水,香港糖水
hotpot,hkhotpot,火鍋
green-sichuan-pepper-beef-bone-pot,青麻椒牛骨鍋,青麻椒牛骨鍋
slow-cook-wagyu,日本A4和牛,慢煮和牛
numbing-spicy-hotpot,香麻火鍋,香麻火鍋
chicken-collagen-soup,雞的骨膠原湯,雞骨膠原湯
collagen-hotpot,美人鍋,美人鍋
free-range-chicken,走地雞,走地雞
beef-offal-chicken-pot,牛雜雞煲,牛雜雞煲
chicken-pot,雞煲,雞煲
beef-offal,牛雜,牛雜
congee-hotpot,粥底火鍋,粥底火鍋
taiwanese-hotpot,台式火鍋,台式火鍋
hk-buffet,無限時火鍋放題,放題
ramen,poorjj拉麵,拉麵
izakaya,hkizakaya,居酒屋
japanese-food,hungrycookie_japanese,日本菜
japanese-food,日本料理,日本菜
japanese-food,荔枝角日本菜,日本菜
izakaya,日本居酒屋,居酒屋
sashimi,刺身,刺身
bluefin-tuna,藍鰭吞拿魚,藍鰭吞拿魚
tuna,吞拿魚,吞拿魚
hk-buffet,吃到飽,放題
japanese-food,cookieat_日本菜,日本菜
teppanyaki,teppanyaki,鐵板燒
hida-beef,hidabeef,飛驒和牛
hk-steak,steak,香港牛扒
grilled-meat,grillmeat,烤肉
business-lunch,businesslunch,商務午餐
teppanyaki,香港鐵板燒,鐵板燒
kichiji,喜知次,喜知次
japanese-food,𝐇𝐋𝐅_日本菜,日本菜
ramen,九龍灣拉麵,拉麵
japanese-food,九龍灣日本菜,日本菜
ramen,香港拉麵,拉麵
japanese-food,foodsarang_日本菜,日本菜
omakase,omakasehk,Omakase
japanese-food,FTHK_日式,日本菜
beef-tongue,世一牛舌,牛舌
beef-tongue,牛舌の檸檬,牛舌
beef-tongue,香港牛舌,牛舌
beef-tongue,必食牛舌,牛舌
beef-tongue,香港牛舌關注組,牛舌
japanese-food,香港日本料理,日本菜
japanese-sake-hk,清酒,香港日本酒
sashimi,八爪魚刺身,刺身
donburi,牛油粟米北海道十勝豚丼,Donburi
donburi,日式丼飯,Donburi
japanese-food,銅鑼灣日本菜,日本菜
omakase,hkomakase,Omakase
japanese-food,銅鑼灣日本餐廳,日本菜
keto-diet,生酮飲食,生酮飲食
keto-diet,生酮餐廳,生酮飲食
tendon,天丼,天丼
pork,豚肉,豚肉
tokachi-pork,十勝豚肉,十勝豚肉
sea-urchin,seaurchin,海膽
foie-gras-toast,seaurchintoast,鴨肝多士
foie-gras-toast,海膽多士,鴨肝多士
japanese-food,灣仔日本菜,日本菜
omakase,灣仔omakasehk,Omakase
hida-beef,鹿兒島a5和牛,飛驒和牛
shabu-shabu,shabushabu,Shabu Shabu
crab-miso-grill,蟹肉甲羅燒,蟹肉甲羅燒
skewers,炭燒串燒拼盤,串燒
oysters,任食牡蠣,生蠔
japanese-sake-hk,任飲清酒,香港日本酒
burger,漢堡,漢堡
ranou-egg,蘭王蛋,蘭王蛋
hamburg-steak,漢堡扒,漢堡扒
gyukatsu,gyukatsu,Gyukatsu
japanese-food,九龍城日本菜,日本菜
milk-tea,奶茶,奶茶
bing-sutt,香港冰室,冰室
hk-style-food,深水埗茶餐廳,港式美食
hk-style-food,ChaChaanTeng,港式美食
hk-style-food,港式茶餐廳,港式美食
afternoon-tea,下午茶,下午茶
salt-pepper-chicken-wing-rice,椒鹽雞翼飯,椒鹽雞翼飯
bing-sutt,冰室,冰室
bing-sutt,港式冰室,冰室
milk-tea,港式奶茶,奶茶
breakfast,早餐,早餐
milk-tea,milktea,奶茶
bing-sutt,冰室味道,冰室
hk-egg-tart,蛋撻,香港蛋撻
tomato-soup-beef-macaroni,蕃茄濃湯牛肉通粉,蕃茄濃湯牛肉通粉
tomato-thick-soup,蕃茄濃湯,蕃茄濃湯
swiss-wing-lo-ding,瑞士雞翅撈丁,瑞士雞翼撈丁
french-toast-hk,西多士,西多士
hk-style-food,港式料理,港式美食
dim-sum,港式飲茶,點心
siu-mei,叉燒,燒味
milk-tea,絲襪奶茶,奶茶
iced-lemon-tea,凍檸茶,凍檸茶
scrambled-egg-shrimp,滑蛋蝦仁,滑蛋蝦仁
yuanyang,鴛鴦奶茶,鴛鴦
scrambled-egg-sandwich,滑蛋三文治,滑蛋三文治
bing-sutt,香港茶記,冰室
curry-beef-rice,咖哩牛肉飯,咖喱牛肉飯
hot-lemon-tea,熱檸茶,熱檸茶
msg-free-soup,無味精例湯,無味精例湯
bing-sutt,香港茶餐廳美食,冰室
club-sandwich,公司三文治,公司三文治
bing-sutt,茶記,冰室
pork-chop-bun,豬扒包,豬扒包
scrambled-egg-rice,滑蛋飯,滑蛋飯
beef-rice,牛肉飯,牛肉飯
wonton,香港雲吞,雲吞
lo-mein,香港撈麵,撈麵
dessert,香港甜點,甜品
hk-egg-tart,謝霆鋒推薦蛋塔,香港蛋撻
hk-egg-tart,香港蛋塔店,香港蛋撻
hk-egg-tart,香港老牌蛋塔,香港蛋撻
coffee-shop,香港咖啡廳,Cafe
french-toast-hk,香港西多士,西多士
bing-sutt,茶餐廳推薦,冰室
milk-tea,香港奶茶,奶茶
afternoon-tea,香港下午茶,下午茶
milk-pudding,牛乳プリン,牛乳布丁
dessert,香港スイーツ,甜品
dim-sum,港式點心,點心
bing-sutt,港式餐廳,冰室
hk-egg-tart,皇牌蛋撻,香港蛋撻
pineapple-bun,冰火脆皮菠蘿油,菠蘿包
horlicks,好立克,好立克
hk-egg-tart,蛋塔,香港蛋撻
pineapple-bun,菠蘿油,菠蘿包
cookie-egg-tart,曲奇蛋撻,曲奇蛋撻
iced-lemon-tea,香港檸檬茶,凍檸茶
coffee-shop,香港咖啡,Cafe
ham-macaroni-soup,腿通,腿通
luncheon-meat-egg-noodles,餐蛋麵,餐蛋麵
monk-diving-into-sea,和尚跳海,和尚跳海
lettuce,生菜,生菜
burst-lemon-drink,爆檸,爆檸
fried-rice,炒飯,炒飯
potato-beef-cubes,薯仔牛柳粒,薯仔牛柳粒
fermented-beancurd-garlic-pork-ribs,南乳香蒜肉排,南乳香蒜肉排
milk-tea,冰鎮奶茶,奶茶
grilled-meat,燒肉,烤肉
takoyaki,章魚燒,章魚燒
noodles,香港粉麵,麵食
ramen,japaneseramen,拉麵
western-food,westerncuisine,西餐
ramen,日本拉麵,拉麵
korean-bbq,韓國烤肉,韓燒
pineapple-bun,菠蘿包,菠蘿包
milk-tea,hkmilktea,奶茶
souffle,souffle,梳乎厘
claypot-rice,claypotrice,煲仔飯
hk-egg-tart,eggtart,香港蛋撻
egg-waffle,雞蛋仔,雞蛋仔
dim-sum,港點,點心
turnip-cake,蘿蔔糕,蘿蔔糕
hk-egg-tart,香港蛋撻,香港蛋撻
lo-mein,薑蔥香油叉燒撈麵,撈麵
crispy-bun-condensed-milk,奶油脆豬,奶油脆豬
instant-noodles,公仔麵,公仔麵
pineapple-bun,冰火菠蘿油,菠蘿包
custard-bun,流沙包,流沙包
salt-pepper-pork-chop,椒鹽豬扒,椒鹽豬扒
french-toast-hk,法蘭西多士,西多士
bing-sutt,懷舊茶餐廳,冰室
coffee-shop,新舊融合咖啡廳,Cafe
fish-fragrant-eggplant-rice,魚香茄子飯,魚香茄子飯
dim-sum,得獎蝦餃王,點心
dim-sum,蝦餃王,點心
pork-knuckle-noodles,豬手麵,豬手麵
coffee-shop,香港カフェ巡り,Cafe
french-toast-hk,littlefatwest西多士,西多士
swiss-chicken-wings,瑞士雞翼,瑞士雞翼
dry-fried-beef-ho-fun,乾炒牛肉河粉,乾炒牛河
siu-mai,黑松露蝦球燒賣皇,燒賣
milk-tea,凍奶茶,奶茶
breakfast,全日早餐,早餐
milk-tea,炭燒奶茶,奶茶
coffee-shop,上水cafe,Cafe
breakfast,alldaybreakfast,早餐
steamed-egg-white-milk-pudding,蛋白燉鮮奶,蛋白燉鮮奶
hk-steamed-milk-pudding,港式燉奶,港式燉奶
mango-pomelo-sago,楊枝甘露,楊枝甘露
pineapple,菠蘿,菠蘿
satay-beef,沙嗲牛肉,沙嗲牛肉
satay-beef-french-toast,沙嗲牛肉西多,沙嗲牛肉西多
cantonese-restaurant,広東料理,粵式酒樓
french-toast-hk,フレンチトースト,西多士
coffee-shop,カフェ,Cafe
coffee-shop,喫茶店,Cafe
breakfast,港式早餐,早餐
afternoon-tea,afternoonteatime,下午茶
chicken-steak-bun,雞扒包,雞扒包
satay-sauce,sataysauce,沙嗲醬
angus-beef,angusbeef,安格斯牛肉
bing-sutt,chachannteng,冰室
hk-style-food,hkstylecafefood,港式美食
fried-chicken-leg,炸雞髀,炸雞髀
red-bean-ice-drink,紅豆冰,紅豆冰
salt-pepper-pork-chop,椒鹽豬扒飯,椒鹽豬扒
milk-tea,樽仔奶茶,奶茶
handmade-pasta,handmadepasta,手工意粉
yuen-long-food,yuenlongfood,元朗美食
salmon,挪威三文魚,三文魚
wan-chai-food,灣仔美食,灣仔美食
dim-sum,點心,點心
cantonese-restaurant,chachaanteng,粵式酒樓
izakaya,izakaya,居酒屋
grilled-meat,grill,烤肉
hk-curry,咖喱,香港咖喱
fried-pork-cutlet,豬扒,炸豬排
hk-weekend-brunch,brunch,HK Weekend Brunch
kimchi,kimchi,泡菜
kwun-tong-food,觀塘美食,觀塘美食
kwun-tong-food,japjapeatya_觀塘,觀塘美食
fusion-cuisine,fnhholic_fusion,Fusion菜
sheung-wan-food,joys_上環,上環美食
spanish-food,joys_西班牙菜,西班牙菜
western-food,joys_西式,西餐
tsuen-wan-food,bubi_荃灣,荃灣美食
mong-kok-food,kefu_mongkok,旺角美食
dim-sum,DimSumLovers,點心
causeway-bay-food,銅鑼灣,銅鑼灣美食
dessert,銅鑼灣甜品,甜品
hk-drinks,香港人飲品,香港飲品
hk-weekend-brunch,WeekendBrunch,HK Weekend Brunch
hk-weekend-brunch,AllYouCanEatBrunch,HK Weekend Brunch
hk-weekend-brunch,HKBrunch,HK Weekend Brunch
hk-weekend-brunch,RooftopBrunch,HK Weekend Brunch
coffee-shop,hongkongcoffeeshop,Cafe
chicken-wings,ChickenWings,雞翼
fish-maw,招牌花膠雞湯鍋底,花膠
xiaolongbao,xiaolongbao,小籠包
french-food,FrenchBistro,法國菜
french-food,FrenchDining,法國菜
salad,SalmonSalad,沙律
french-food,法式餐廳,法國菜
salad,三文魚沙律,沙律
light-meals,輕食,輕食
pork-rice-soup,豬肉飯湯,豬肉飯湯
chilean-seabass,ChileanSeabass,Chilean Seabass
matcha,抹茶,抹茶
hk-snacks,香港零食,香港零食
candy,糖果,糖果
chocolate,朱古力,朱古力
seaweed,紫菜,紫菜
nuts,堅果,堅果
night-market,夜市,夜市
tsim-sha-tsui-food,nicefoodie尖沙咀,尖沙咀美食
tsuen-wan-food,fca_荃灣,荃灣美食
kowloon-city-food,九龍城,九龍城美食
kowloon-city-food,foodietwy九龍城,九龍城美食
hunan-cuisine,海景配湘菜夠曬chill,湖南菜
grilled-fish-buffet,烤魚放題,烤魚放題
hk-buffet,黃大仙放題,放題
chicken-pot-buffet,雞煲放題,雞煲放題
frozen-yogurt,froyo,Froyo
fusion-cuisine,多國菜美食,Fusion菜
western-food,西式美食,西餐
pizza,驚喜pizza,Pizza
lunch-set,午市套餐,午市套餐
breakfast,全日早餐推介,早餐
crispy-pork-belly,脆皮燒肉,脆皮燒肉
crispy-pork-belly,燒腩肉,脆皮燒肉
pork-belly,五花腩,五花腩
fresh-bird-nest,鮮燉燕窩,鮮燉燕窩
hk-desserts,養生甜品,香港糖水
instagrammable-restaurant,美食打卡,打卡餐廳
fish-maw-chicken-noodles,花膠雞湯,花膠雞米線
buffet,自助餐攻略,自助餐
canele,可麗露,可麗露
hk-kiln-chicken,香港窯雞,窯雞
eel-rice,鰻魚飯,鰻魚飯
hk-drinks,果汁,香港飲品
buffet,香港自助餐,自助餐
lemon-ramen,檸檬拉麵,檸檬拉麵
herbal-cuisine,藥膳,藥膳
braised-pork-rice,滷肉飯,滷肉飯
waffles-hk,比利時窩夫,窩夫
central-food,fca_中環,中環美食
tsim-sha-tsui-food,尖沙咀,尖沙咀美食
tai-po-food,大埔美食,大埔美食
home-style-cooking,HomeKitchenBaking,住家菜
tsuen-wan-west-food,荃灣西美食,荃灣西美食
central-food,foodietwy中環,中環美食
afternoon-tea,foodietwy下午茶控,下午茶
lemon-ramen,LemonRamen,檸檬拉麵
lemon-ramen,レモンラーメン,檸檬拉麵
